addressId,type
0x68b3465833fb72a70ecdf485e0e4c7bd8665fc45,contract
0x68b3465833fb72a70ecdf485e0e4c7bd8665fc45,contract
0x68b3465833fb72a70ecdf485e0e4c7bd8665fc45,contract
0xd90e2f925da726b50c4ed8d0fb90ad053324f31b,contract
0xd90e2f925da726b50c4ed8d0fb90ad053324f31b,contract
0xd90e2f925da726b50c4ed8d0fb90ad053324f31b,contract
0xd90e2f925da726b50c4ed8d0fb90ad053324f31b,contract
0xd90e2f925da726b50c4ed8d0fb90ad053324f31b,contract
0xd90e2f925da726b50c4ed8d0fb90ad053324f31b,contract
0xd90e2f925da726b50c4ed8d0fb90ad053324f31b,contract
0xd90e2f925da726b50c4ed8d0fb90ad053324f31b,contract
0xd90e2f925da726b50c4ed8d0fb90ad053324f31b,contract
0xd90e2f925da726b50c4ed8d0fb90ad053324f31b,contract
0xd90e2f925da726b50c4ed8d0fb90ad053324f31b,contract
0xd90e2f925da726b50c4ed8d0fb90ad053324f31b,contract
0xd90e2f925da726b50c4ed8d0fb90ad053324f31b,contract
0xd90e2f925da726b50c4ed8d0fb90ad053324f31b,contract
0xd90e2f925da726b50c4ed8d0fb90ad053324f31b,contract
0xd90e2f925da726b50c4ed8d0fb90ad053324f31b,contract
0xd90e2f925da726b50c4ed8d0fb90ad053324f31b,contract
0xd90e2f925da726b50c4ed8d0fb90ad053324f31b,contract
0xd90e2f925da726b50c4ed8d0fb90ad053324f31b,contract
0xd90e2f925da726b50c4ed8d0fb90ad053324f31b,contract
0xd90e2f925da726b50c4ed8d0fb90ad053324f31b,contract
0xd90e2f925da726b50c4ed8d0fb90ad053324f31b,contract
0xd90e2f925da726b50c4ed8d0fb90ad053324f31b,contract
0xd90e2f925da726b50c4ed8d0fb90ad053324f31b,contract
0xd90e2f925da726b50c4ed8d0fb90ad053324f31b,contract
0xd90e2f925da726b50c4ed8d0fb90ad053324f31b,contract
0xd90e2f925da726b50c4ed8d0fb90ad053324f31b,contract
0xd90e2f925da726b50c4ed8d0fb90ad053324f31b,contract
0xd90e2f925da726b50c4ed8d0fb90ad053324f31b,contract
0xd90e2f925da726b50c4ed8d0fb90ad053324f31b,contract
0xd90e2f925da726b50c4ed8d0fb90ad053324f31b,contract
0xd90e2f925da726b50c4ed8d0fb90ad053324f31b,contract
0xd90e2f925da726b50c4ed8d0fb90ad053324f31b,contract
0xd90e2f925da726b50c4ed8d0fb90ad053324f31b,contract
0xd90e2f925da726b50c4ed8d0fb90ad053324f31b,contract
0xd90e2f925da726b50c4ed8d0fb90ad053324f31b,contract
0xd90e2f925da726b50c4ed8d0fb90ad053324f31b,contract
0xd90e2f925da726b50c4ed8d0fb90ad053324f31b,contract
0xd90e2f925da726b50c4ed8d0fb90ad053324f31b,contract
0xd90e2f925da726b50c4ed8d0fb90ad053324f31b,contract
0xd90e2f925da726b50c4ed8d0fb90ad053324f31b,contract
0xd90e2f925da726b50c4ed8d0fb90ad053324f31b,contract
0xd90e2f925da726b50c4ed8d0fb90ad053324f31b,contract
0xd90e2f925da726b50c4ed8d0fb90ad053324f31b,contract
0xd90e2f925da726b50c4ed8d0fb90ad053324f31b,contract
0xd90e2f925da726b50c4ed8d0fb90ad053324f31b,contract
0xd90e2f925da726b50c4ed8d0fb90ad053324f31b,contract
0xd90e2f925da726b50c4ed8d0fb90ad053324f31b,contract
0xd90e2f925da726b50c4ed8d0fb90ad053324f31b,contract
0xd90e2f925da726b50c4ed8d0fb90ad053324f31b,contract
0xd90e2f925da726b50c4ed8d0fb90ad053324f31b,contract
0xd90e2f925da726b50c4ed8d0fb90ad053324f31b,contract
0xd90e2f925da726b50c4ed8d0fb90ad053324f31b,contract
0xd90e2f925da726b50c4ed8d0fb90ad053324f31b,contract
0xd90e2f925da726b50c4ed8d0fb90ad053324f31b,contract
0xd90e2f925da726b50c4ed8d0fb90ad053324f31b,contract
0xd90e2f925da726b50c4ed8d0fb90ad053324f31b,contract
0xd90e2f925da726b50c4ed8d0fb90ad053324f31b,contract
0xd90e2f925da726b50c4ed8d0fb90ad053324f31b,contract
0xd90e2f925da726b50c4ed8d0fb90ad053324f31b,contract
0xd90e2f925da726b50c4ed8d0fb90ad053324f31b,contract
0xd90e2f925da726b50c4ed8d0fb90ad053324f31b,contract
0xd90e2f925da726b50c4ed8d0fb90ad053324f31b,contract
0xd90e2f925da726b50c4ed8d0fb90ad053324f31b,contract
0xd90e2f925da726b50c4ed8d0fb90ad053324f31b,contract
0xd90e2f925da726b50c4ed8d0fb90ad053324f31b,contract
0xd90e2f925da726b50c4ed8d0fb90ad053324f31b,contract
0xd90e2f925da726b50c4ed8d0fb90ad053324f31b,contract
0xd90e2f925da726b50c4ed8d0fb90ad053324f31b,contract
0xd90e2f925da726b50c4ed8d0fb90ad053324f31b,contract
0xd90e2f925da726b50c4ed8d0fb90ad053324f31b,contract
0xd90e2f925da726b50c4ed8d0fb90ad053324f31b,contract
0xd90e2f925da726b50c4ed8d0fb90ad053324f31b,contract
0xd90e2f925da726b50c4ed8d0fb90ad053324f31b,contract
0xd90e2f925da726b50c4ed8d0fb90ad053324f31b,contract
0xd90e2f925da726b50c4ed8d0fb90ad053324f31b,contract
0xd90e2f925da726b50c4ed8d0fb90ad053324f31b,contract
0xd90e2f925da726b50c4ed8d0fb90ad053324f31b,contract
0xd90e2f925da726b50c4ed8d0fb90ad053324f31b,contract
0xd90e2f925da726b50c4ed8d0fb90ad053324f31b,contract
0xd90e2f925da726b50c4ed8d0fb90ad053324f31b,contract
0xd90e2f925da726b50c4ed8d0fb90ad053324f31b,contract
0xd90e2f925da726b50c4ed8d0fb90ad053324f31b,contract
0xd90e2f925da726b50c4ed8d0fb90ad053324f31b,contract
0xd90e2f925da726b50c4ed8d0fb90ad053324f31b,contract
0xd90e2f925da726b50c4ed8d0fb90ad053324f31b,contract
0xd90e2f925da726b50c4ed8d0fb90ad053324f31b,contract
0xd90e2f925da726b50c4ed8d0fb90ad053324f31b,contract
0xd90e2f925da726b50c4ed8d0fb90ad053324f31b,contract
0xd90e2f925da726b50c4ed8d0fb90ad053324f31b,contract
0xd90e2f925da726b50c4ed8d0fb90ad053324f31b,contract
0xd90e2f925da726b50c4ed8d0fb90ad053324f31b,contract
0xd90e2f925da726b50c4ed8d0fb90ad053324f31b,contract
0xd90e2f925da726b50c4ed8d0fb90ad053324f31b,contract
0xd90e2f925da726b50c4ed8d0fb90ad053324f31b,contract
0xd90e2f925da726b50c4ed8d0fb90ad053324f31b,contract
0xd90e2f925da726b50c4ed8d0fb90ad053324f31b,contract
0xd90e2f925da726b50c4ed8d0fb90ad053324f31b,contract
0xd90e2f925da726b50c4ed8d0fb90ad053324f31b,contract
0xd90e2f925da726b50c4ed8d0fb90ad053324f31b,contract
0xd90e2f925da726b50c4ed8d0fb90ad053324f31b,contract
0xd90e2f925da726b50c4ed8d0fb90ad053324f31b,contract
0xd90e2f925da726b50c4ed8d0fb90ad053324f31b,contract
0xd90e2f925da726b50c4ed8d0fb90ad053324f31b,contract
0xd90e2f925da726b50c4ed8d0fb90ad053324f31b,contract
0xd90e2f925da726b50c4ed8d0fb90ad053324f31b,contract
0xd90e2f925da726b50c4ed8d0fb90ad053324f31b,contract
0xd90e2f925da726b50c4ed8d0fb90ad053324f31b,contract
0xd90e2f925da726b50c4ed8d0fb90ad053324f31b,contract